x,y,shot_statsbomb_xg,body_part_name,outcome_name,distance,angle
108.6,28.0,0.2009693,Right Foot,Off T,114.96401002052772,0.05096116184578196
103.6,51.0,0.096383646,Right Foot,Saved,94.07084351700053,0.057099942036614115
104.3,33.9,0.09887917,Left Foot,Off T,107.66401255758583,0.05438096267715984
97.9,44.3,0.07893826,Left Foot,Blocked,95.51119096734163,0.06075776528159474
118.3,42.1,0.9761923,Left Foot,Goal,110.69173230192037,0.046556392005769734
113.1,39.3,0.20307332,Head,Off T,109.11426854449422,0.04963107155744795
101.3,41.6,0.09501523,Left Foot,Blocked,99.72988318453001,0.057713748247365346
84.7,42.1,0.017764185,Right Foot,Off T,89.98339624619645,0.0704245474062852
105.3,32.9,0.11245217,Left Foot,Saved,109.06429113142394,0.05360892797323039
113.3,26.1,0.054102834,Left Foot,Saved,119.33172084571646,0.048276528822698096
107.4,27.2,0.030959154,Left Foot,Saved,114.89363602915525,0.05146646834724646
111.5,31.6,0.08542095,Left Foot,Off T,113.91025239195987,0.04987994102217357
99.0,24.7,0.044592485,Left Foot,Off T,112.26453402566636,0.0553524459039639
107.6,31.3,0.29141483,Left Foot,Goal,111.72973462780621,0.05202013313416732
108.4,49.5,0.07794037,Left Foot,Saved,98.46541321702763,0.05325035221100125
98.2,34.7,0.048743222,Right Foot,Off T,103.45540875179026,0.0583451042617802
106.6,35.3,0.03818405,Head,Saved,107.95857353633383,0.05320709749519319
103.2,35.7,0.051461197,Right Foot,Blocked,105.5643007839298,0.055383770321238646
103.4,24.7,0.034160636,Right Foot,Saved,114.65111251095648,0.053074046554990824
96.4,46.8,0.03886047,Left Foot,Blocked,92.61569845333997,0.06248359616689087
97.5,49.6,0.037237283,Left Foot,Blocked,91.11325699369989,0.06209594733032702
92.9,28.0,0.021675078,Right Foot,Blocked,106.29439119727815,0.059604451941190184
106.4,49.8,0.064202756,Right Foot,Saved,96.86210610966499,0.054793112751917
88.7,39.7,0.020938296,Right Foot,Saved,94.09044372304767,0.06639790227222554
114.5,46.0,0.104497105,Head,Blocked,105.2474493752699,0.04892135920411813
108.9,44.1,0.15296176,Right Foot,Off T,102.73746930891379,0.05265565639938782
94.0,49.1,0.02749131,Left Foot,Blocked,89.32886207715848,0.06505641065648879
99.0,46.8,0.051498987,Left Foot,Blocked,94.23096943149848,0.06036186121526254
104.9,49.8,0.063643776,Left Foot,Off T,95.83474109110955,0.055973475161344495
101.1,50.9,0.04283516,Right Foot,Saved,92.46449913345121,0.059185125840302895
106.6,34.6,0.09201574,Right Foot,Blocked,108.508633757872,0.05310387957348604
110.4,37.9,0.4184496,Left Foot,Goal,108.37231011656068,0.05118394237853597
103.1,57.1,0.014482854,Right Foot,Off T,89.33668675297959,0.05772299807573061
92.6,47.5,0.025733665,Left Foot,Blocked,89.77134063831285,0.0658669383383464
109.5,55.4,0.058749907,Right Foot,Off T,95.13561688452963,0.05227628598148326
103.1,31.4,0.069709174,Right Foot,Blocked,108.97060888147776,0.054624064334532305
99.2,56.5,0.024455013,Left Foot,Saved,87.04746751054853,0.06137552115707734
103.9,37.9,0.056093782,Left Foot,Goal,104.24580375247726,0.05531329415739034
100.5,45.8,0.06687891,Right Foot,Off T,95.95387225120203,0.059008941012027825
100.8,43.8,0.093079254,Left Foot,Goal,97.69615959698723,0.05845557953584493
104.0,35.9,0.09590488,Right Foot,Saved,105.88883604988771,0.054914753874508865
102.1,45.6,0.124102466,Right Foot,Off T,97.12936528156662,0.057745338150951266
111.1,32.3,0.1629772,Left Foot,Off T,113.11482484625965,0.05018359433732798
113.2,52.5,0.052568585,Right Foot,Goal,99.82174913314232,0.04961262722352242
107.6,29.1,0.10014443,Left Foot,Off T,113.48415572228575,0.051673715383891275
103.5,49.5,0.059421957,Right Foot,Off T,95.10938754928453,0.05707227145178905
100.2,33.3,0.08820046,Right Foot,Blocked,105.74488923820385,0.05676298287275017
94.0,44.4,0.034058154,Right Foot,Blocked,93.10314495225174,0.06385354953693062
100.6,58.9,0.011698737,Left Foot,Saved,86.2953857399108,0.06009465393819189
103.8,56.4,0.028624984,Right Foot,Blocked,90.32662730335944,0.057092364008993604
115.0,44.6,0.22362103,Right Foot,Off T,106.589284639686,0.04859880695919556
98.9,42.8,0.050982397,Left Foot,Off T,97.30990494291936,0.059691551591757694
105.5,42.9,0.09020188,Left Foot,Blocked,101.386959713762,0.054920015248624686
116.5,31.4,0.23502783,Left Foot,Saved,117.27892223242846,0.047163483706311134
108.0,54.9,0.0596119,Right Foot,Saved,94.38413849794891,0.05352203615119802
95.2,41.5,0.054610096,Left Foot,Off T,96.16101912937488,0.0621516305801606
113.1,28.9,0.101339325,Left Foot,Off T,117.01556990417984,0.04871061030486063
112.3,45.1,0.16491379,Head,Goal,104.33877323411465,0.05038120003375146
108.0,31.0,0.03680788,Head,Off T,112.2112097787026,0.05174912045992931
97.2,37.6,0.051378094,Right Foot,Goal,100.50179898887383,0.05972417800113453
97.4,45.4,0.04007158,Left Foot,Blocked,94.33486948101428,0.06137815002775651
97.4,49.7,0.029657349,Right Foot,Off T,90.97251013355628,0.06219980330349729
117.8,38.0,0.5642073,Head,Off T,113.26897015511354,0.04679931586088671
99.8,51.3,0.036774643,Right Foot,Blocked,91.30448838912577,0.06034681383118308
105.5,38.5,0.13638648,Head,Off T,104.77192181114175,0.05436020716435677
102.4,30.5,0.07740248,Right Foot,Saved,109.30030924018467,0.054845730543704396
88.1,50.9,0.015701557,Right Foot,Off T,84.38746115389418,0.07104270828822944
109.5,27.1,0.090813234,Left Foot,Off T,116.22407495867628,0.0503498629389317
101.8,45.3,0.07324356,Left Foot,Saved,97.16722492692688,0.05793252752708594
107.4,40.5,0.25516874,Right Foot,Saved,104.44595540278236,0.05336003740344841
112.8,35.0,0.17842196,Right Foot,Off T,112.13589790963464,0.049493568968036306
108.7,30.9,0.085805565,Left Foot,Wayward,112.71792936352229,0.051342744318808926
112.9,45.0,0.3457039,Right Foot,Goal,104.8288967794663,0.04997792830834383
103.9,40.6,0.027145049,Head,Blocked,102.13294081734846,0.05573243501921658
109.1,60.5,0.008288619,Right Foot,Off T,91.44486644968103,0.05212093005812114
99.8,35.6,0.07906983,Left Foot,Off T,103.63483777186126,0.057531339180891455
115.3,34.7,0.10217343,Right Foot,Blocked,114.0065770032589,0.04805224651556914
103.3,44.6,0.06957128,Right Foot,Blocked,98.66716576450345,0.05671124683635837
114.0,32.4,0.1273561,Head,Off T,114.89210416734475,0.04858853736115265
113.8,42.7,0.16972353,Head,Off T,107.10756089091004,0.04934067789692226
111.7,42.4,0.44097158,Left Foot,Goal,105.88447289381007,0.05068219194897633
108.7,40.1,0.060599968,Head,Off T,105.59607757866767,0.052466922372085056
101.8,44.9,0.06390779,Right Foot,Saved,97.47507168502108,0.05787504719387236
117.0,28.1,0.018656503,Head,Wayward,120.11280364723821,0.04663762174723436
111.8,35.3,0.14799254,Left Foot,Blocked,111.25767209500655,0.050100404258645925
107.7,34.4,0.3704533,Right Foot,Saved,109.34716091421852,0.05241537355124969
103.9,56.1,0.036253028,Left Foot,Off T,90.60898189473271,0.05700433297634866
102.5,52.6,0.056231674,Left Foot,Goal,92.1500168204,0.05812678362451086
99.4,56.2,0.02668288,Left Foot,Saved,87.40313266697024,0.061164289744909194
109.7,53.0,0.13531347,Right Foot,Blocked,96.92575302776864,0.052231444903339995
116.6,34.1,0.11360259,Head,Off T,115.3194415525847,0.04729474669675454
116.2,42.2,0.1947324,Head,Goal,109.13849733251783,0.04782908820057824
98.3,52.0,0.064184494,Left Foot,Blocked,89.79225801816101,0.0617606270193617
111.0,44.0,0.091646455,Head,Saved,104.23720832792866,0.051219447587010726
97.1,46.0,0.041051574,Left Foot,Blocked,93.67685733413563,0.061743220611685606
102.5,49.9,0.051537734,Left Foot,Goal,94.1428467808362,0.05791957172072034
40.0,45.7,0.004130807,Right Foot,Saved,74.30077792324923,0.09843789347914021
100.2,42.9,0.057224557,Left Foot,Saved,98.02806536905642,0.05874493859647542
113.4,38.0,0.22981732,Head,Off T,110.27958831986997,0.04936967353372159
101.3,42.6,0.07305303,Left Foot,Blocked,98.9456901537404,0.0578851926102794
114.3,29.7,0.12096324,Right Foot,Blocked,117.15468236481203,0.04816899020707906
107.5,40.1,0.04363723,Head,Off T,104.81543588613273,0.05325084087784486
113.1,28.2,0.1538112,Left Foot,Goal,117.5613609992671,0.04862987666388323
112.2,29.8,0.30000883,Left Foot,Saved,115.7501257018756,0.04928981822987094
102.5,40.2,0.025620336,Head,Blocked,101.57216941662712,0.05663229331715529
97.0,26.8,0.027122034,Left Foot,Blocked,109.42630213984205,0.056976971787523846
100.8,31.2,0.03751865,Left Foot,Blocked,107.81252060869369,0.05592851619345733
94.4,47.5,0.028897893,Left Foot,Saved,90.84446928679809,0.06432178843723693
95.8,40.3,0.048145216,Right Foot,Blocked,97.48738174758823,0.061395848744695496
102.2,51.2,0.045629695,Left Foot,Blocked,92.97683367377059,0.05828159175431143
110.7,50.7,0.15424673,Right Foot,Blocked,99.24299269973675,0.05152892478799035
111.4,38.3,0.17912224,Head,Off T,108.72680258335569,0.05060359787564318
93.1,32.5,0.026436986,Right Foot,Saved,102.5284526363292,0.06093210448067885
115.5,30.6,0.18142118,Left Foot,Saved,117.23508689807844,0.04762427457031829
112.4,47.7,0.1681818,Left Foot,Saved,102.55923946675892,0.050336872993437316
101.7,41.2,0.068824455,Left Foot,Goal,100.29158289707068,0.057360171546607705
105.9,39.8,0.072080754,Left Foot,Blocked,104.01815995296207,0.05427232805722586
103.8,51.1,0.06182509,Right Foot,Off T,94.13367941390584,0.056941322599645426
112.7,37.9,0.15743414,Head,Off T,109.8874496928562,0.049783007315174536
101.9,58.1,0.023533026,Right Foot,Off T,87.78056504716749,0.058838161401902254
113.8,45.4,0.16896226,Right Foot,Goal,105.17556560342331,0.04938478707193131
116.1,38.6,0.3056659,Head,Wayward,111.66482704952352,0.04780117435054959
103.1,35.5,0.06698707,Left Foot,Blocked,105.66401279527481,0.055410260460173964
90.9,34.5,0.0419699,Right Foot,Off T,99.67842093452325,0.06299206809263468
101.0,27.2,0.068962805,Right Foot,Goal,111.2404404881606,0.054899379676141016
107.3,53.4,0.09082136,Right Foot,Post,94.92486291799425,0.054131119258721105
105.9,42.4,0.15830496,Right Foot,Saved,102.02694546050078,0.05458466629732411
96.2,47.9,0.027073873,Right Foot,Blocked,91.62522360136427,0.06288351548615113
108.6,41.4,0.1361084,Right Foot,Blocked,104.54990961258646,0.05265229284296039
94.9,46.8,0.03774876,Left Foot,Blocked,91.70440338391609,0.06373024634861438
99.8,33.8,0.04994738,Left Foot,Blocked,105.10594464634244,0.0571239176068304
112.8,24.6,0.01567179,Left Foot,Blocked,120.21072997033168,0.04833229495816001
117.0,47.2,0.13461363,Left Foot,Saved,106.21353774354755,0.04725799024093122
114.1,32.7,0.06691165,Left Foot,Blocked,114.72839055787368,0.04856061527788009
93.8,41.8,0.040328264,Right Foot,Off T,95.11245764882747,0.06328579880231346
101.3,30.6,0.104605675,Left Foot,Off T,108.59028317487713,0.055502691726150466
110.6,39.8,0.3197491,Right Foot,Goal,107.072515614419,0.05122207200476445
90.5,35.5,0.04573942,Left Foot,Blocked,98.61518949938697,0.0636051946916127
112.2,43.1,0.16597773,Head,Wayward,105.71500177363666,0.050386862503872885
97.2,34.9,0.07932068,Left Foot,Blocked,102.72712202724264,0.059036022987773704
113.6,56.5,0.012394485,Right Foot,Wayward,97.46473003091938,0.04896158658050223
112.1,32.9,0.063872784,Head,Saved,113.28708487731511,0.04968946795350416
103.6,40.4,0.15727945,Right Foot,Blocked,102.10036043031386,0.055908162622154645
102.2,29.5,0.045265324,Left Foot,Off T,110.00682524280029,0.05474786668757493
102.3,49.2,0.04911825,Right Foot,Off T,94.53258485834395,0.05801564755802734
98.3,52.5,0.06397319,Left Foot,Saved,89.41420245128847,0.06182672872272005
101.3,29.1,0.05946907,Right Foot,Off T,109.82850085474172,0.05516790949431622
109.4,31.2,0.046457313,Head,Off T,112.91194622359497,0.05099459515638914
108.1,39.1,0.070164755,Right Foot,Blocked,105.96623801947486,0.05275211531924306
102.0,41.1,0.057932165,Right Foot,Blocked,100.55588297061492,0.05713154723883056
100.6,33.2,0.04129878,Left Foot,Off T,106.05622848281944,0.056495465525087975
108.3,46.6,0.09013731,Right Foot,Off T,100.493828666242,0.053222402849775176
109.3,39.0,0.4531274,Left Foot,Saved,106.82101665870813,0.05197583934835556
103.8,32.1,0.06609147,Left Foot,Blocked,108.81337050197463,0.05434994921722014
105.0,25.1,0.042491257,Right Foot,Saved,115.21859919301224,0.05233278535899678
111.6,49.1,0.15519324,Right Foot,Off T,101.005809733896,0.05089323387286963
105.4,52.6,0.08913044,Right Foot,Saved,94.15151406111323,0.055683172651833215
111.7,45.7,0.11785503,Head,Saved,103.49034544342771,0.050800728397044796
114.8,32.4,0.41583925,Left Foot,Off T,115.41134952854507,0.048152551640727154
100.2,57.3,0.025486808,Right Foot,Off T,87.1572234527925,0.060451753269153564
107.8,38.6,0.038136665,Head,Off T,106.15563856903694,0.052888435971589626
94.7,45.3,0.03797323,Right Foot,Saved,92.78734612003946,0.0635251497133465
101.0,50.6,0.052133597,Left Foot,Wayward,92.62265165714055,0.05923881656076041
92.5,49.6,0.037801396,Left Foot,Blocked,88.02400581659529,0.06652603345174771
101.4,29.1,0.03626696,Left Foot,Saved,109.8846558897101,0.055111589959433535
108.3,46.6,0.07884668,Right Foot,Saved,100.493828666242,0.053222402849775176
90.6,38.4,0.033487294,Left Foot,Saved,96.19482106641708,0.06455400176305322
57.9,20.6,0.004744799,Left Foot,Saved,101.05967346078256,0.07121584313181863
115.1,29.3,0.07456455,Left Foot,Blocked,117.97323255722037,0.04771334733216112
106.6,24.8,0.04363354,Right Foot,Off T,116.37870767455703,0.05145732147918671
100.1,33.9,0.053870168,Left Foot,Off T,105.19602463971725,0.05696020954911179
96.7,32.2,0.032498784,Right Foot,Saved,104.70148805055257,0.05863175037864459
88.6,44.5,0.017997747,Left Foot,Off T,89.97429410670583,0.06827548878607491
108.1,30.5,0.08037411,Left Foot,Saved,112.66891141748019,0.05161768383481834
91.7,41.0,0.047732294,Left Foot,Saved,94.60000845665925,0.06462509736105465
116.5,29.1,0.06139338,Left Foot,Saved,119.0260290860785,0.04697667679570806
112.6,42.6,0.10781629,Head,Off T,106.35320211446385,0.050107400615951765
107.1,30.2,0.22716096,Left Foot,Goal,112.30402308020848,0.05212723701627957
115.1,30.2,0.20898964,Left Foot,Saved,117.2827080178489,0.04779821637752341
97.6,49.2,0.044519193,Right Foot,Blocked,91.48597488139916,0.0619405483365515
99.6,51.1,0.01992774,Right Foot,Saved,91.32367491510621,0.060496661150285604
96.5,32.0,0.041129347,Right Foot,Blocked,104.76061091841724,0.05869876171614324
107.2,32.3,0.08300531,Right Foot,Goal,110.69300610246341,0.05240196880121704
106.5,41.3,0.05040036,Left Foot,Off T,103.25345321101857,0.05405046904955151
109.0,32.7,0.44277996,Right Foot,Goal,111.4868853273783,0.051423665612269534
114.0,33.9,0.20163552,Left Foot,Blocked,113.7525630480474,0.048718947853023845
118.5,28.9,0.013960704,Left Foot,Saved,120.47802953235913,0.045952475051548924
108.0,39.8,0.7835,Left Foot,Goal,105.36790592965204,0.05289173708855698
102.8,45.5,0.025156217,Right Foot,Blocked,97.65710214828208,0.05720001381217263
112.4,35.4,0.18298244,Right Foot,Saved,111.57180468200735,0.049760127435564794
104.3,34.8,0.08608912,Left Foot,Blocked,106.94563852724431,0.054538424662180174
108.1,33.3,0.04752446,Left Foot,Saved,110.4577910334984,0.05202624457689942
105.9,33.5,0.10624492,Left Foot,Blocked,108.94947269262023,0.05335252525384141
110.9,32.1,0.03460866,Head,Off T,113.14392427346685,0.050271993097191534
103.9,54.9,0.054783225,Left Foot,Saved,91.45921276722208,0.056998384320809524
111.8,39.3,0.38601032,Head,Off T,108.2435660905534,0.05043230771109553
107.2,58.8,0.0110668205,Right Foot,Off T,91.14324769284887,0.05396256351578706
102.8,34.8,0.067444965,Left Foot,Blocked,106.0457429602905,0.055467186140887526
104.4,51.9,0.08109221,Left Foot,Saved,93.9621072560636,0.05648717886963886
104.4,45.0,0.08542609,Right Foot,Saved,99.07707908492257,0.055945556124153306
107.6,56.5,0.02559387,Left Foot,Saved,92.99512675404019,0.05377973906427555
97.8,19.8,0.01091343,Right Foot,Off T,115.84601676363327,0.05465345222175081
115.0,29.3,0.048478007,Left Foot,Blocked,117.90931091309116,0.04776506580123772
102.0,51.7,0.03504776,Left Foot,Off T,92.47251267268561,0.05849135438841798
106.3,34.2,0.16714483,Right Foot,Goal,108.63944771582742,0.053223829623279775
100.9,20.7,0.011488415,Left Foot,Saved,116.66545161272037,0.053406027044732615
99.0,56.1,0.04606585,Left Foot,Blocked,87.20347240792651,0.061540547873568816
102.4,33.5,0.07217433,Right Foot,Blocked,106.8576511065071,0.055460036710525136
99.9,42.4,0.049639374,Right Foot,Post,98.2375569728808,0.058873354310013296
103.8,39.5,0.12848127,Right Foot,Saved,102.92807974503361,0.055634004838757974
94.4,25.7,0.041658394,Left Foot,Blocked,109.03649664217942,0.05806042692386772
105.4,18.7,0.007613767,Right Foot,Blocked,120.76190458915428,0.050849325500730375
114.1,26.1,0.039158177,Right Foot,Saved,119.82705704472592,0.04787846627082716
110.6,37.2,0.12407055,Left Foot,Blocked,109.0335893199889,0.05099572236601903
98.8,37.5,0.061612327,Right Foot,Off T,101.50758395312145,0.0586185683714602
112.6,15.7,0.0078124246,Right Foot,Saved,127.2742456273067,0.04713590218656631
106.6,28.1,0.044369835,Left Foot,Blocked,113.69509048327461,0.05204764185750796
115.7,29.7,0.051826213,Head,Off T,118.05156331027557,0.047440257051147336
112.8,28.1,0.15700933,Left Foot,Saved,117.45241419400455,0.04877306781186165
109.7,48.2,0.16067164,Right Foot,Goal,100.30374668974235,0.05226178186412684
109.9,49.3,0.31214735,Right Foot,Goal,99.66016054572661,0.052129053573833406
107.6,37.9,0.1424742,Right Foot,Off T,106.56572432072143,0.05293292284296415
114.8,36.5,0.3955568,Right Foot,Goal,112.33107139166795,0.04845281518770423
97.5,22.1,0.0122884065,Right Foot,Blocked,113.70961085150192,0.055424857313142395
97.3,30.5,0.04776465,Right Foot,Saved,106.45477725306648,0.05781402751480735
94.3,31.8,0.037000425,Left Foot,Saved,103.75340765488139,0.05997834706641725
113.6,37.8,0.10819121,Head,Blocked,110.56203507533678,0.04923748826639465
113.2,36.5,0.102099925,Head,Saved,111.26716317045205,0.04938334011169861
113.1,47.8,0.4412188,Right Foot,Saved,102.98676419812402,0.049851055352618585
106.6,39.8,0.27210635,Right Foot,Saved,104.46532247592978,0.05380902798450261
102.7,40.2,0.029511923,Right Foot,Blocked,101.69602548772494,0.05649454693606956
112.3,44.1,0.08104959,Head,Off T,105.05893393710028,0.0503555105964863
85.3,43.7,0.018411724,Right Foot,Off T,88.90837755802318,0.07065831234447258
108.8,53.6,0.03357311,Right Foot,Off T,95.86083454675325,0.05292058352587758
112.2,31.3,0.0875304,Head,Off T,114.58508454419362,0.04946152344707527
102.8,26.8,0.06166864,Right Foot,Off T,112.57397390160837,0.05383818652171662
107.7,39.8,0.7835,Right Foot,Goal,105.17357843108697,0.053087242119965405
105.8,27.2,0.04570999,Left Foot,Blocked,113.95762194781005,0.05231474055900926
109.8,37.3,0.1024136,Right Foot,Blocked,108.4385060760245,0.05149445548367335
91.6,43.0,0.04581602,Left Foot,Blocked,92.88037252293942,0.06534465421015012
104.5,44.2,0.15770543,Right Foot,Saved,99.74901302769868,0.05578242446893687
114.2,48.2,0.1677268,Right Foot,Saved,103.49614292329932,0.04908871219917181
112.5,33.5,0.16929331,Left Foot,Saved,113.08366637140838,0.04952532513524345
112.3,41.6,0.15622824,Head,Off T,106.87904191187344,0.050255754737284004
94.0,40.3,0.04361772,Right Foot,Saved,96.46204227570553,0.06270648076880035
105.4,42.2,0.29433554,Right Foot,Goal,101.85571952521862,0.05490908364893096
112.2,39.9,0.54601175,Right Foot,Saved,108.06508039140118,0.050223379855461686
115.6,49.8,0.08631221,Left Foot,Off T,103.41626371127512,0.04807066455429418
102.5,18.5,0.010357936,Right Foot,Off T,119.37803650588327,0.052136627270671455
104.9,39.7,0.11706126,Right Foot,Blocked,103.46181711143488,0.054925399694790954
114.6,41.0,0.3090264,Head,Off T,108.88986913390978,0.04878759366807537
110.2,26.8,0.05799438,Left Foot,Off T,116.88512137992586,0.04994284486723834
115.4,41.1,0.27720144,Right Foot,Goal,109.36982033449631,0.04829941067593916
113.8,46.1,0.08235023,Left Foot,Blocked,104.68022544874462,0.04938603815736644
99.5,55.6,0.025608072,Left Foot,Blocked,87.91009953355758,0.061028572400881956
96.5,34.7,0.045421854,Left Foot,Off T,102.50305166188956,0.05943315838995362
108.5,33.6,0.14145768,Right Foot,Saved,110.47128857762094,0.05183388615787107
96.2,34.8,0.07923236,Left Foot,Saved,102.25366301507248,0.05965325165920553
98.4,55.7,0.046973187,Right Foot,Off T,87.09120277042912,0.06208442735202539
101.2,44.8,0.07536486,Left Foot,Off T,97.17104301179442,0.058314840649456454
108.0,24.9,0.05796124,Left Foot,Blocked,117.10834983040279,0.0507653043972528
100.4,39.4,0.060821835,Left Foot,Off T,100.92426665574538,0.05793488995681753
118.0,44.2,0.28106615,Right Foot,Saved,109.00823638606397,0.04671275568538098
94.6,26.4,0.022451427,Right Foot,Off T,108.53277661609879,0.05816598815567106
113.4,28.3,0.13316546,Left Foot,Saved,117.6710567641848,0.04848651367660601
93.7,29.1,0.022933368,Right Foot,Saved,105.75032671344331,0.0595002970774886
97.6,44.3,0.05382589,Right Foot,Off T,95.32855605745846,0.06099056022402621
110.4,31.3,0.28016123,Left Foot,Saved,113.45412112391512,0.0504519156664326
103.6,32.7,0.032397743,Head,Saved,108.21096802080646,0.054581856404303124
105.8,35.2,0.051326882,Left Foot,Saved,107.54319876217184,0.053681778795351395
114.7,35.0,0.1198475,Head,Off T,113.38430932011713,0.048410259705032675
100.0,26.0,0.034823347,Right Foot,Blocked,111.70011459260013,0.05515153297232541
109.6,39.2,0.10194666,Left Foot,Goal,106.8655398152276,0.051804567325095634
106.8,34.6,0.58375424,Right Foot,Goal,108.63212968546645,0.052983297457264676
68.3,19.5,0.0047969674,Left Foot,Saved,104.50119425154911,0.06734578620984565
107.8,29.2,0.26431355,Left Foot,Off T,113.52400451005946,0.0515807657640289
98.5,34.3,0.059634212,Right Foot,Saved,103.95496909720093,0.05805662112348393
114.6,54.4,0.0206557,Right Foot,Off T,99.59600192778825,0.04843710652071561
103.0,22.1,0.016373863,Right Foot,Off T,116.6034544942816,0.052710431180671875
106.9,52.8,0.09066692,Left Foot,Off T,95.063439870436,0.05445878099545411
97.3,55.9,0.015267702,Right Foot,Off T,86.20428991645369,0.06317084870252287
95.3,41.2,0.04549022,Left Foot,Off T,96.46372167815214,0.06199804470856943
112.7,44.4,0.089097686,Head,Off T,105.11993911718176,0.05009863914736774
111.9,44.2,0.083537444,Head,Off T,104.71035096875572,0.050624502100003514
115.9,33.9,0.1521444,Head,Off T,115.0032503888477,0.047665596247065366
95.2,32.4,0.036086563,Left Foot,Saved,103.72295599335762,0.05960624354690499
110.1,43.1,0.3463066,Right Foot,Blocked,104.28520316900189,0.0517772495755194
89.8,40.6,0.025199624,Right Foot,Off T,93.90622769550484,0.06591335901167719
109.5,54.4,0.12810293,Left Foot,Saved,95.8174597868259,0.052331484098128996
104.2,49.3,0.10179729,Left Foot,Blocked,95.72826959681242,0.05649668733042317
94.0,55.3,0.02161511,Left Foot,Off T,84.49216295018137,0.06636817809509146
110.3,50.1,0.057950504,Right Foot,Saved,99.37816460369955,0.05183303253276851
102.3,31.3,0.052492436,Left Foot,Post,108.58848741924717,0.05507080823106768
99.9,28.8,0.048669264,Right Foot,Saved Off Target,109.29911985007017,0.05588656051302879
106.2,33.3,0.070784174,Left Foot,Wayward,109.29072055760271,0.0531424827106079
107.1,48.9,0.41267076,Right Foot,Off T,97.99675300743387,0.05421727788459005
100.9,30.2,0.05172727,Right Foot,Off T,108.69396303383182,0.0556443051831932
94.2,40.3,0.06679972,Left Foot,Saved,96.57484972807362,0.06256024568505683
108.0,40.0,0.7835,Right Foot,Goal,105.2157573750244,0.052912681721580576
112.5,35.2,0.077347964,Head,Off T,111.78866489944319,0.049684351871845264
98.6,21.5,0.009594058,Right Foot,Off T,114.78751500054351,0.054722503397428936
101.1,39.0,0.13354984,Left Foot,Saved,101.66549857252458,0.05737665198668387
108.8,29.4,0.15459204,Left Foot,Saved to Post,113.9679762038442,0.05106742858840621
103.5,48.0,0.3204304,Right Foot,Off T,96.22653272356851,0.05693940969123723
105.6,38.8,0.1286825,Left Foot,Off T,104.60173803527358,0.054336747688005727
105.1,28.1,0.036768384,Right Foot,Blocked,112.81845416420134,0.052858992616805385
89.1,46.2,0.030897133,Left Foot,Off T,88.82991388040405,0.06847111939018131
114.2,47.5,0.15227662,Left Foot,Off T,103.98298707000103,0.04910363695406417
98.8,30.7,0.03962588,Left Foot,Saved,107.10756089091004,0.05698482995250964
110.2,52.9,0.12261136,Right Foot,Post,97.35656937259036,0.051847511570350925
94.9,26.2,0.024586549,Left Foot,Off T,108.85723494559285,0.05794342122153995
116.2,31.2,0.17527242,Left Foot,Saved,117.23400359963829,0.0473060006101621
88.7,20.6,0.10752832,Right Foot,Goal,110.83898952985814,0.05922131320434354
112.9,49.9,0.027858607,Head,Saved,101.38100216509994,0.04994833000175517
102.9,27.1,0.03746189,Right Foot,Blocked,112.3819718638181,0.0538485894875709
114.4,43.4,0.20700896,Head,Saved,107.021622114412,0.048973105152432146
105.7,29.0,0.04496801,Left Foot,Blocked,112.43790108322017,0.05269691305759108
101.4,54.4,0.049011447,Left Foot,Off T,90.08433604128967,0.05920059510191217
86.8,36.9,0.018691551,Right Foot,Off T,95.53946619067953,0.06664088384329697
94.3,43.8,0.037845716,Right Foot,Blocked,93.76550325146238,0.06345394975621255
114.1,49.3,0.049725365,Head,Wayward,102.66354562355617,0.049124796339058543
109.5,22.6,0.014155507,Right Foot,Off T,119.85151480060651,0.049639941920290004
99.0,39.6,0.076766945,Left Foot,Blocked,99.92695131945136,0.05894967256628949
93.1,45.2,0.059487686,Left Foot,Blocked,91.92863318901243,0.06480246434847202
109.6,44.0,0.05838845,Head,Saved,103.28409170825873,0.05216861175688664
92.6,42.9,0.03224117,Right Foot,Blocked,93.52568417285168,0.06453062527287483
103.0,35.9,0.08964235,Right Foot,Off T,105.28421344152217,0.055546760928980865
98.3,57.5,0.01871808,Left Foot,Off T,85.70238969830422,0.06232112325785834
101.4,51.7,0.04672806,Right Foot,Blocked,92.06909144767315,0.059004688043215604
88.0,43.0,0.026620906,Right Foot,Blocked,90.91620097650363,0.06819455382907502
101.9,21.7,0.022515863,Right Foot,Off T,116.34735751189196,0.05315843579393596
94.0,50.6,0.024988044,Left Foot,Blocked,88.14304056475474,0.06540696988465697
91.0,47.3,0.027199345,Right Foot,Off T,89.00048089757718,0.06719570698727556
110.5,29.0,0.15781964,Left Foot,Blocked,115.32261530159641,0.05009537975754697
97.8,35.3,0.06508526,Right Foot,Saved,102.7343642604557,0.05875089707294053
113.7,39.9,0.22057752,Head,Goal,109.07764023850167,0.04929574033959846
94.2,30.2,0.01624422,Right Foot,Off T,105.06498750773257,0.05955043638966847
109.6,32.5,0.030817557,Head,Blocked,112.01720225036867,0.05105473382023614
98.1,41.6,0.036864728,Right Foot,Blocked,97.78442411754543,0.06003085302288225
111.8,52.7,0.08293867,Right Foot,Saved,98.65834784750858,0.05063900310686178
94.4,34.8,0.033650175,Left Foot,Blocked,101.26948010136124,0.060817037434892654
112.7,39.0,0.21967192,Head,Saved,109.06805948580913,0.04985746635283534
108.2,40.5,0.7835,Left Foot,Saved,104.966573727068,0.05283238001403619
118.2,42.8,0.83608377,Head,Goal,110.12888631054072,0.04661129427236054
106.5,40.3,0.20238984,Left Foot,Off T,104.01766965280467,0.05393513786018327
99.3,31.2,0.04837009,Right Foot,Blocked,106.96901233534878,0.05681319306625955
107.6,34.4,0.055896245,Right Foot,Goal,109.28496511414549,0.05247500881692989
117.9,43.5,0.2988362,Head,Saved,109.42462062991126,0.046785528079676585
102.3,47.8,0.057187174,Right Foot,Off T,95.58561398034747,0.057864916211913954
105.6,58.1,0.018202478,Left Foot,Off T,90.44165854295242,0.05542828535553571
105.3,33.0,0.054206222,Right Foot,Wayward,108.98444659675067,0.05362592410589959
94.9,35.0,0.037506588,Left Foot,Off T,101.37286421917851,0.060551072622669136
94.3,25.6,0.023462815,Right Foot,Blocked,109.07286371962552,0.05808315035881935
113.8,39.9,0.5974063,Right Foot,Goal,109.14554319806192,0.04923445267237449
88.9,33.2,0.018460058,Right Foot,Saved,99.79387556358355,0.06379957597289165
107.3,31.1,0.08993374,Left Foot,Saved,111.70666766133525,0.05215873400665465
101.4,55.1,0.030860003,Right Foot,Off T,89.57587621675829,0.0592367084854362
100.0,40.4,0.04318942,Left Foot,Saved,99.88531223358117,0.058413071990585666
115.2,31.6,0.048609655,Right Foot,Off T,116.27919676365158,0.047869390254387315
105.2,27.1,0.07771912,Right Foot,Off T,113.69213517213934,0.05261568675606265
96.0,39.3,0.071193315,Left Foot,Off T,98.42096118205716,0.060991796694468296
103.5,51.4,0.038734686,Left Foot,Blocked,93.70968786630334,0.057207778561903594
99.1,41.6,0.082155265,Right Foot,Saved,98.38533224012613,0.05930050399842542
97.2,55.6,0.02903015,Left Foot,Off T,86.36093792913555,0.06323588070800101
101.6,30.6,0.04978775,Left Foot,Blocked,108.76085509042305,0.05532889473317847
99.2,39.8,0.049855277,Right Foot,Blocked,99.8851920957256,0.05885250074577154
101.8,43.3,0.06688733,Left Foot,Saved,98.71306701749268,0.05763328655255016
112.3,28.1,0.080978274,Left Foot,Goal,117.14170734627355,0.04903198126876051
103.5,47.9,0.06897262,Left Foot,Off T,96.30137901400997,0.0569297887482221
98.5,40.7,0.04477437,Left Foot,Blocked,98.74530672391472,0.059543550471041366
101.7,42.7,0.08644311,Left Foot,Blocked,99.11736275749068,0.05761065882785469
111.1,49.2,0.34449932,Left Foot,Saved,100.57988665732329,0.051252731905080604
110.5,39.9,0.06895016,Head,Saved,106.9313592918373,0.051293390880206596
94.4,33.1,0.032587416,Right Foot,Off T,102.70383439774778,0.06030904551264845
106.8,34.7,0.110251695,Right Foot,Off T,108.55353333724332,0.05299797707416453
107.3,48.4,0.09141455,Right Foot,Off T,98.49735834021133,0.0540445489743326
111.5,31.7,0.2860311,Left Foot,Goal,113.83266490774956,0.04989150865471654
106.8,52.1,0.053696465,Left Foot,Blocked,95.48921195611577,0.054535575303459954
93.8,41.4,0.031419158,Left Foot,Blocked,95.4416030879616,0.06317119367100237
112.2,36.1,0.059971746,Head,Off T,110.91105265031074,0.049938484328065004
92.0,37.9,0.050268207,Left Foot,Blocked,97.36470407699086,0.06339906442049398
111.6,32.6,0.11818707,Head,Goal,113.19948586455682,0.04993748199189537
99.1,55.2,0.02989931,Right Foot,Blocked,87.93266514782775,0.061375194335266274
98.2,55.5,0.024233807,Left Foot,Blocked,87.1044292788834,0.062258141633496494
103.6,46.0,0.026385948,Head,Off T,97.79735988256533,0.056654217276091906
112.5,32.7,0.043142196,Head,Blocked,113.69677040268118,0.04944532375640933
104.2,23.5,0.03223021,Right Foot,Saved,116.09333141916464,0.05241526031084267
98.4,21.4,0.011349107,Right Foot,Saved,114.7708482150411,0.054793843201167175
111.2,40.7,0.12975436,Left Foot,Blocked,106.80103744814467,0.05090592078979266
98.5,23.9,0.01912897,Left Foot,Saved,112.68254345727203,0.0554032114858591
103.5,47.7,0.11268436,Left Foot,Saved,96.45120839056399,0.0569102695871751
118.3,27.8,0.010014265,Left Foot,Saved,121.18205147628092,0.045968010533548875
113.3,24.4,0.015683703,Left Foot,Saved,120.67398062548529,0.048062549698720085
102.6,43.8,0.11183241,Left Foot,Saved,98.8326039321033,0.05712009254575013
114.3,32.9,0.05205782,Head,Saved,114.70631891922956,0.048468176296902414
109.1,31.8,0.08884963,Left Foot,Blocked,112.25486002841927,0.05124492980525256
108.2,40.2,0.099288896,Left Foot,Off T,105.19397131014685,0.05280249611206406
110.7,36.5,0.09788224,Head,Off T,109.63088798326865,0.05086759549418406
96.6,52.5,0.017875105,Right Foot,Off T,88.30862698513663,0.06338304817380286
105.2,27.9,0.037850484,Right Foot,Blocked,113.03938074848075,0.05276711752837022
111.3,39.5,0.07351296,Left Foot,Blocked,107.7614940505188,0.05075838988497946
111.4,38.4,0.08341414,Head,Saved,108.65168015267874,0.050611639025796726
99.3,60.3,0.010816168,Left Foot,Saved,84.38613393206256,0.06140654016232912
109.2,38.6,0.041826356,Head,Saved,107.05966373943083,0.05199959131012634
112.3,30.9,0.094216816,Left Foot,Saved Off Target,114.95816456433182,0.04936244404850787
88.4,32.1,0.029000422,Right Foot,Blocked,100.50869415130217,0.06369145463998528
113.3,42.5,0.19536367,Head,Off T,106.90696703208823,0.04965385546233694
92.3,35.2,0.055833194,Left Foot,Off T,99.80986724768248,0.06231344144317943
107.4,45.6,0.092869855,Right Foot,Off T,100.61842574797124,0.05381266690721046
105.2,39.5,0.2808055,Right Foot,Saved,103.80626956017637,0.05469739132785629
99.3,47.7,0.09009651,Left Foot,Blocked,93.72416764100922,0.060267439411959875
101.1,21.8,0.016432509,Left Foot,Off T,115.8365814412701,0.05357339006824126
94.8,26.0,0.030152528,Left Foot,Saved,108.97898696537787,0.057937162463968156
101.2,54.5,0.018008176,Right Foot,Blocked,89.87447691085607,0.0593867422372023
106.1,44.8,0.17742667,Left Foot,Goal,100.34596952543735,0.054685726625634284
108.9,30.1,0.12802587,Left Foot,Off T,113.47329024929171,0.05111602332085801
100.1,41.4,0.08561085,Left Foot,Off T,99.15116539910159,0.058537438105487186
112.9,27.3,0.043615576,Right Foot,Saved,118.14138817535539,0.04862518104357328
99.6,38.7,0.05682641,Left Foot,Blocked,101.00739378877172,0.05834085352661188
112.6,40.5,0.73031336,Left Foot,Goal,107.89111918967195,0.0500085939216422
116.2,35.7,0.27041194,Head,Wayward,113.86334616548031,0.04760926064007892
112.0,45.3,0.12703572,Head,Off T,103.98637218405112,0.050587882145306975
110.4,23.8,0.043584865,Left Foot,Off T,119.40932794384199,0.049392894881215656
107.6,44.4,0.06563735,Head,Saved,101.64252850062319,0.05358330854481353
108.3,43.1,0.112418555,Head,Off T,103.07792974250114,0.05299648768460272
98.8,39.6,0.15608229,Left Foot,Off T,99.80831428292936,0.059089759356286915
114.1,40.3,0.29242352,Head,Goal,109.05688240546765,0.04906863014475471
105.5,41.7,0.14952034,Left Foot,Blocked,102.30247113339931,0.054780010830196194
105.3,55.3,0.05393249,Left Foot,Blocked,92.16669463531824,0.05578301062353602
108.4,29.3,0.073563784,Right Foot,Blocked,113.80543747993767,0.05126972736045527
104.8,28.2,0.06810596,Left Foot,Goal,112.56313606150105,0.0530411893899838
96.0,37.3,0.04825952,Right Foot,Saved,100.06740528263937,0.0604620726332735
107.4,50.0,0.25552386,Right Foot,Goal,97.40999743352836,0.05402475527186958
109.6,44.5,0.04024041,Head,Wayward,102.91673138999313,0.052196456807082
92.5,39.2,0.033267852,Left Foot,Off T,96.54380145819823,0.06346213718680065
93.6,40.0,0.0370884,Right Foot,Blocked,96.48587254100985,0.06291084357230776
113.4,32.8,0.07768235,Right Foot,Goal,114.19907004875303,0.04895551454850225
113.0,39.8,0.08561921,Head,Off T,108.67748432863176,0.04972113873524502
100.5,39.7,0.034326866,Left Foot,Blocked,100.7452013745568,0.05792490879048581
91.9,33.3,0.026078822,Right Foot,Blocked,101.2220707158276,0.06194296311778997
100.7,30.0,0.030130971,Right Foot,Blocked,108.7468693802263,0.05571377887073318
105.9,37.8,0.2651946,Right Foot,Off T,105.5678814791696,0.05400315798071284
106.3,44.2,0.048769183,Head,Off T,100.92833893411701,0.05448732038165886
113.3,42.5,0.37712702,Right Foot,Saved,106.90696703208823,0.04965385546233694
106.4,27.0,0.06899321,Left Foot,Off T,114.46933039028403,0.05195996874671703
99.6,39.7,0.07683218,Right Foot,Saved,100.20425939050695,0.058551410944978025
98.3,56.3,0.04494989,Left Foot,Off T,86.58140447001308,0.062232445813672155
113.8,32.5,0.4286973,Right Foot,Saved,114.68648394645291,0.04870724574099964
115.6,44.2,0.5143056,Head,Goal,107.29642864513245,0.04821461293607835
114.0,51.5,0.0907733,Right Foot,Off T,101.08751456040454,0.04909386343238849
103.4,29.9,0.07414111,Left Foot,Blocked,110.36665076009147,0.054151840880897424
108.2,40.1,0.7835,Left Foot,Saved,105.26985133455828,0.05279240170421606
115.3,32.7,0.11593364,Right Foot,Blocked,115.51060384224472,0.04790550930213219
117.3,38.6,0.43860507,Left Foot,Goal,112.48968663837589,0.04710301699743779
112.2,45.3,0.12002992,Head,Saved,104.12560492021163,0.05045274693585391
117.1,35.7,0.5839777,Left Foot,Goal,114.47027387055557,0.04710597918633037
106.6,28.2,0.06148336,Left Foot,Blocked,113.61427551148668,0.05206504191157593
95.0,43.0,0.06724297,Left Foot,Goal,94.82360254704523,0.06269701028672087
104.0,44.3,0.028735718,Left Foot,Blocked,99.34850577638298,0.056158722294783074
110.2,33.2,0.07695855,Left Foot,Blocked,111.84869959011594,0.05079961479597047
99.5,28.9,0.027737176,Left Foot,Off T,108.99557605701251,0.05613647890897911
91.1,32.9,0.026329285,Right Foot,Goal,101.15573933297111,0.062309540973438174
101.1,42.8,0.050553743,Right Foot,Blocked,98.66465223168832,0.05806504656628599
87.9,44.5,0.016389068,Right Foot,Off T,89.59546640316128,0.06885321929669079
107.1,57.2,0.041122954,Right Foot,Saved,92.15201354284126,0.05416536615378819
99.3,55.1,0.028305097,Left Foot,Saved,88.1415883678074,0.06117883743693943
99.4,33.0,0.037069704,Left Foot,Goal,105.5360961946196,0.05718434995491219
108.0,34.2,0.11486765,Right Foot,Off T,109.69045354997854,0.052209513318322846
104.1,43.0,0.10047175,Right Foot,Saved,100.40674080956914,0.05592428453957887
94.5,39.3,0.02686927,Left Foot,Blocked,97.5700548324126,0.062059035780633834
117.7,32.0,0.17537762,Left Foot,Post,117.6190528783496,0.04657415282973447
95.5,40.7,0.045417245,Left Foot,Goal,96.98760539367905,0.06171898530952492
113.3,41.0,0.24260828,Right Foot,Post,107.99930370145911,0.04959513294595682
104.6,53.3,0.056286238,Left Foot,Blocked,93.09185571251655,0.056367021999912684
108.0,40.0,0.7835,Right Foot,Goal,105.2157573750244,0.052912681721580576
88.0,36.0,0.02805511,Left Foot,Blocked,96.91622980698331,0.0654630408313025
114.2,36.4,0.1422084,Head,Goal,112.00523023502072,0.04879326775020758
119.3,42.5,0.8665923,Other,Off T,111.12506287962225,0.04595726999185983
108.1,39.9,0.054010592,Head,Off T,105.35674444476727,0.052837096013901796
108.7,13.9,0.029017191,Left Foot,Off T,126.58487903379297,0.048471417650662166
117.1,33.5,0.17957594,Head,Wayward,116.09997243755056,0.04698670772776802
104.4,57.7,0.03496348,Right Foot,Saved,89.84741287315957,0.05652575433909295
103.9,25.3,0.04132724,Right Foot,Off T,114.43280823260434,0.052941767817037
94.6,47.5,0.031428445,Left Foot,Goal,90.96512298677993,0.06415146454205715
100.9,30.7,0.096754916,Left Foot,Post,108.28124306637784,0.05575735544725604
105.8,29.7,0.12135693,Left Foot,Goal,111.93118242920514,0.05276645610903352
112.2,45.8,0.172511,Left Foot,Off T,103.76748816464627,0.050461965998158095
111.7,36.1,0.38125086,Right Foot,Wayward,110.58468067503745,0.05023351754625985
103.1,29.0,0.072197124,Left Foot,Off T,110.93076038682868,0.05413734462976113
100.3,52.0,0.02507951,Left Foot,Saved,91.11097409203789,0.059987207249108804
107.4,53.5,0.06314573,Right Foot,Saved to Post,94.92606386024863,0.054048632659443464
118.8,47.6,0.10368549,Left Foot,Goal,107.26089501770905,0.046085592632927275
112.6,37.0,0.094237916,Head,Wayward,110.49544606000738,0.04977580627229588
107.8,40.0,0.7835,Right Foot,Goal,105.08596290656521,0.05304338382087399
114.4,32.3,0.07121298,Head,Wayward,115.22741687636672,0.04836137668465561
117.8,44.2,0.2115384,Head,Goal,108.86459295840865,0.046836068351160755
108.7,50.6,0.14262015,Right Foot,Off T,97.89219376436509,0.053036454633503975
107.6,40.8,0.7835,Left Foot,Goal,104.34789696012086,0.05325894963739462
93.3,51.9,0.017940493,Left Foot,Blocked,86.68828986662501,0.06635507160548179
101.2,34.4,0.091919795,Right Foot,Saved,105.42547889386132,0.05638412706872283
99.5,45.1,0.049781468,Left Foot,Blocked,95.86884582595121,0.059669925328357125
113.7,32.7,0.14847913,Right Foot,Saved,114.46926050254714,0.04878059921007457
99.0,39.9,0.06955153,Right Foot,Blocked,99.68573418498758,0.059014513874466365
113.8,37.3,0.5343967,Right Foot,Saved,111.06768026748377,0.04908672388990331
113.3,37.0,0.36322647,Left Foot,Goal,110.95877432632356,0.04936120380165189
104.1,30.3,0.10617723,Right Foot,Saved,110.4472887851938,0.05383327161089913
112.6,50.4,0.2974366,Right Foot,Goal,100.81866692235123,0.05014722522138762
98.7,24.9,0.027093582,Left Foot,Blocked,111.9362836617332,0.055560633273218876
100.1,23.4,0.030174686,Left Foot,Blocked,113.94978543200509,0.05446027259664569
113.2,43.5,0.46608183,Other,Goal,106.11494522450643,0.04974825975675499
109.0,38.0,0.29380873,Left Foot,Goal,107.38731582454233,0.05206322867704864
116.9,49.8,0.11129596,Right Foot,Saved,104.37460227469133,0.04719221020012044
94.5,44.2,0.045836944,Left Foot,Saved,93.55781955560957,0.06340197564095451
104.5,28.1,0.08974491,Left Foot,Goal,112.47148794250035,0.053185359697902494
98.0,57.3,0.013283472,Left Foot,Saved,85.64371313762616,0.06260566247152996
101.6,49.3,0.10287425,Right Foot,Goal,93.99496582264392,0.058598002351772586
97.2,24.7,0.045369234,Left Foot,Blocked,111.32358959358076,0.05629116278333598
101.7,46.4,0.058957785,Right Foot,Off T,96.2596571778645,0.058161888163425296
102.1,46.7,0.10171633,Left Foot,Saved,96.28937428397798,0.05788962586883108
97.8,31.6,0.04333997,Left Foot,Blocked,105.80557452232846,0.057807223008886334
108.6,35.7,0.23352109,Left Foot,Goal,108.90001652892437,0.05204526683012203
104.7,36.6,0.05765207,Left Foot,Blocked,105.76276093219201,0.05458839260933063
105.0,31.7,0.069486305,Left Foot,Blocked,109.8462816849073,0.05357567877640269
112.2,54.8,0.039226905,Left Foot,Off T,97.5350788178284,0.050197720100355565
104.3,42.4,0.036171906,Head,Off T,100.99549296874588,0.05570446744199467
98.4,51.0,0.04054099,Left Foot,Blocked,90.61670706884024,0.06153243426382689
114.4,47.1,0.06310264,Head,Blocked,104.40535235321991,0.04897559302355695
106.2,51.2,0.0970181,Left Foot,Blocked,95.7131735969506,0.05499882424606695
95.1,43.5,0.0359955,Left Foot,Off T,94.47668283761872,0.06274873828970026
116.7,36.5,0.87173116,Right Foot,Goal,113.61078998052959,0.04736792765581243
104.9,32.2,0.09473692,Right Foot,Goal,109.38508856329551,0.053722691439538825
100.1,33.4,0.090386756,Left Foot,Saved,105.60565136393032,0.05684711730701165
115.0,50.7,0.14346547,Right Foot,Post,102.3650604454469,0.04843469765941817
110.4,32.7,0.4491981,Left Foot,Off T,112.3629725487894,0.0506254253522356
111.2,40.1,0.40994686,Right Foot,Goal,107.24729180729928,0.050864705100816185
104.9,31.3,0.10391681,Left Foot,Saved,110.10879892179372,0.0535618026983517
117.6,40.0,0.9197092,Right Foot,Saved Off Target,111.68994404152954,0.04695914169821226
112.9,29.3,0.14785951,Left Foot,Saved,116.57867558005624,0.04886102999586527
94.2,37.7,0.03899057,Left Foot,Saved,98.73146205744145,0.061807828479464984
104.4,27.3,0.029353863,Right Foot,Wayward,113.06881798267815,0.05308260555239632
105.3,27.3,0.03842667,Left Foot,Off T,113.5865291308789,0.05260021570354354
112.7,47.6,0.27028278,Right Foot,Blocked,102.84260595686985,0.050129101142118944
112.1,49.8,0.040686663,Head,Blocked,100.87414733220797,0.05052319554910416
103.2,36.5,0.06765859,Left Foot,Blocked,104.92655335995747,0.05552758880389812
96.2,38.6,0.03666588,Left Foot,Blocked,99.10969478310385,0.06066840812761684
115.6,31.0,0.10211778,Left Foot,Off T,116.99522896255215,0.04760600835354548
101.0,40.9,0.06497119,Right Foot,Saved,100.09698097345394,0.05780196444952032
112.7,43.7,0.27344212,Right Foot,Saved,105.62448390406459,0.0500800690233627
86.8,43.9,0.027688935,Right Foot,Off T,89.51753794648286,0.06951934284581798
110.3,25.3,0.061523218,Right Foot,Saved,118.14440147548254,0.0496700292634167
98.3,40.6,0.071120165,Left Foot,Off T,98.7066846773814,0.059665076957747705
102.7,32.8,0.04763609,Left Foot,Saved,107.6005650542784,0.05513924274219478
113.4,41.8,0.22927417,Head,Goal,107.48408068174562,0.0495652803460864
95.9,52.1,0.029678088,Left Foot,Blocked,88.1665900440751,0.06396302524260558
113.3,44.3,0.18661515,Right Foot,Saved,105.60937269011686,0.049701118698011686
117.3,42.4,0.75549823,Left Foot,Goal,109.77126035534073,0.04715811964495542
106.8,48.3,0.12011827,Left Foot,Saved,98.22764173082851,0.05441732659580527
100.8,45.6,0.07564912,Right Foot,Blocked,96.29880373088754,0.05874488546485082
100.6,42.1,0.08641284,Right Foot,Blocked,98.90446703764194,0.05830681552030085
102.2,48.1,0.19114502,Right Foot,Saved,95.29355487125035,0.05797850861686317
110.7,27.7,0.11572165,Left Foot,Blocked,116.47305096029726,0.04981172065780801
95.7,54.1,0.025438597,Right Foot,Saved,86.50602059972474,0.06448806329345662
107.2,35.9,0.41636172,Right Foot,Off T,107.86316145932308,0.05292433054345816
110.3,12.9,0.0089436425,Right Foot,Off T,128.29816678347356,0.04763044525107355
108.7,30.9,0.08781145,Left Foot,Blocked,112.71792936352229,0.051342744318808926
96.5,28.3,0.0358443,Right Foot,Off T,107.88732826425911,0.05767104162516289
104.8,33.5,0.14037842,Left Foot,Saved,108.2842075281525,0.05400958270347469
101.8,48.9,0.03783032,Right Foot,Off T,94.427695089947,0.058390326106100364
116.6,33.5,0.11257669,Head,Off T,115.76706612849787,0.04725720030989821
109.0,31.4,0.49982464,Left Foot,Goal,112.5077579547295,0.051245922342295226
100.1,25.3,0.049908273,Right Foot,Off T,112.34359616818396,0.054927338216031865
102.2,39.5,0.1112897,Right Foot,Saved,101.93871492225121,0.05671824963182071
102.3,28.9,0.04020629,Left Foot,Saved,110.55758499533172,0.05456288464692584
112.1,31.1,0.10538758,Left Foot,Saved,114.67677881768392,0.04949367109711313
108.7,32.3,0.07105544,Left Foot,Blocked,111.6145671496333,0.05154082512595016
104.1,39.8,0.086523995,Right Foot,Off T,102.88125971234994,0.055477518609368
96.2,45.1,0.04163914,Left Foot,Saved,93.84445428473651,0.06226943745517297
101.7,33.0,0.05710108,Right Foot,Off T,106.85486231332668,0.05578286129495026
112.8,28.9,0.12002716,Left Foot,Off T,116.82752073034845,0.0488674533063485
113.0,31.1,0.13615698,Left Foot,Post,115.24741038305373,0.049005055871216896
98.0,45.1,0.047986306,Left Foot,Saved,94.93979987339347,0.060842331334645436
95.8,35.1,0.037747677,Left Foot,Blocked,101.78265864085101,0.059994526759087494
119.2,43.1,0.8322185,Left Foot,Goal,110.63553497859537,0.04600628318672438
115.8,27.7,0.033501506,Left Foot,Off T,119.65195192724605,0.047201637307066724
108.4,52.8,0.099161826,Right Foot,Saved,96.13026370503725,0.05325731039396813
87.5,46.6,0.028775528,Left Foot,Off T,87.61407192911422,0.070001568313236
95.4,42.2,0.055800863,Left Foot,Saved,95.70677927921302,0.06218427642272574
103.9,29.8,0.043071486,Left Foot,Off T,110.73760698154896,0.05384953592229592
95.5,33.8,0.033579685,Right Foot,Blocked,102.7061127684229,0.059821753692334674
101.6,34.7,0.03418125,Left Foot,Saved,105.41657175226293,0.05619642237519219
115.0,25.6,0.016663868,Left Foot,Blocked,120.77862228060064,0.04737801041644065
99.6,33.2,0.07511334,Right Foot,Blocked,105.4848026968814,0.0571086226544389
98.7,34.0,0.0844549,Right Foot,Blocked,104.31549070008731,0.057857798509773094
100.4,45.2,0.058033038,Right Foot,Wayward,96.35552708589167,0.05899053188387535
114.9,42.1,0.8948486,Left Foot,Goal,108.30266663383686,0.04863220391367123
94.8,28.3,0.04378171,Left Foot,Blocked,107.0014467191916,0.058628872318381195
109.3,50.9,0.18484822,Left Foot,Off T,98.10473790801339,0.052579153528506666
99.2,48.5,0.04857075,Left Foot,Saved,93.04440660243904,0.06047546451075737
95.3,61.2,0.008729356,Left Foot,Saved,80.95214388760806,0.06571953638342738
112.2,50.9,0.24093509,Right Foot,Saved,100.1841384651283,0.050420016964897424
104.1,41.1,0.052006382,Left Foot,Saved,101.87111268657077,0.055667026618227276
110.5,26.3,0.046075664,Left Foot,Blocked,117.46486964194871,0.04971626492887636
97.1,34.5,0.039142195,Left Foot,Blocked,103.00293005541153,0.05899598620441355
113.6,30.3,0.35434714,Right Foot,Saved,116.24634875986428,0.04859969136282875
103.1,31.7,0.16040003,Left Foot,Off T,108.72683017544473,0.05468365715382639
104.2,48.0,0.097632065,Right Foot,Blocked,96.69235543723195,0.05639249300172654
114.0,27.7,0.1043663,Left Foot,Saved,118.5146640715823,0.04811137146746331
95.7,25.1,0.019929864,Right Foot,Blocked,110.21112285064517,0.05719154139535919
86.0,59.9,0.0071646436,Left Foot,Off T,75.89074778917387,0.0764139657678515
100.7,40.4,0.08846703,Left Foot,Blocked,100.30972834177152,0.05792027075209677
106.5,32.4,0.14590277,Right Foot,Goal,110.18777427645955,0.05282306598666967
111.4,28.3,0.112238325,Left Foot,Off T,116.42816497737995,0.04952658842962284
109.9,45.3,0.21980739,Right Foot,Saved,102.53656713582721,0.05202783199654652
112.7,29.1,0.08619522,Left Foot,Blocked,116.60896878027864,0.048943176406887445
111.4,54.2,0.064354055,Right Foot,Saved,97.34612267573887,0.050855671777971664
98.2,54.4,0.02880323,Right Foot,Saved,87.92207686355003,0.06214592901612099
113.8,34.5,0.3094432,Head,Goal,113.16797073377255,0.04888082878634932
115.1,25.0,0.012008104,Left Foot,Saved,121.31031942914007,0.04726190044448722
101.5,53.5,0.04839525,Left Foot,Saved,90.80988712689825,0.05905643325107692
103.5,29.4,0.083078615,Left Foot,Goal,110.83278215401795,0.05399509780908277
102.1,29.3,0.07645778,Left Foot,Saved,110.11468385279049,0.05476127406312512
101.3,39.3,0.18456303,Left Foot,Off T,101.54791775314746,0.05729694865862163
97.4,41.5,0.080862835,Left Foot,Saved,97.44823035848317,0.06052226605487999
117.0,34.0,0.19917129,Right Foot,Off T,115.6610375191231,0.04707058194177779
96.6,40.8,0.042003106,Left Foot,Post,97.54385475261883,0.060941089054010626
110.5,33.9,0.12407768,Left Foot,Goal,111.49670667782075,0.050709102049804305
104.1,38.8,0.15395764,Left Foot,Post,103.66269145647338,0.05532487742122728
89.7,19.4,0.0070316833,Left Foot,Off T,112.35818439259332,0.0583267575645876
105.5,39.4,0.18285842,Left Foot,Saved,104.07336642964904,0.05448467120366731
102.1,55.2,0.036633816,Right Foot,Off T,89.98774138736897,0.05860582747028794
101.7,32.5,0.116129294,Right Foot,Goal,107.26234940555796,0.05567771268579569
111.2,40.7,0.266739,Left Foot,Blocked,106.80103744814467,0.05090592078979266
110.5,41.0,0.058639955,Head,Blocked,106.10987512950904,0.05137611264260636
107.5,56.9,0.040493246,Left Foot,Off T,92.64920722812474,0.053841279438825676
116.8,16.2,0.006312351,Left Foot,Saved,129.32524734173137,0.04543502834055103
107.0,29.8,0.11578755,Right Foot,Off T,112.5642731953616,0.05211736004492434
101.4,47.7,0.0634542,Right Foot,Saved,95.07427412291929,0.058569355481751566
107.4,38.7,0.094767705,Left Foot,Goal,105.82248154338473,0.05315648498803619
110.9,24.7,0.031467464,Left Foot,Blocked,118.98414852407862,0.04928163619893552
98.3,57.6,0.018497137,Left Foot,Blocked,85.62949024722732,0.06232757443463859
95.5,50.5,0.032672465,Left Foot,Goal,89.1535506864421,0.0640261146754221
115.1,29.0,0.14918888,Left Foot,Off T,118.20403377211794,0.047684268531024886
113.1,43.2,0.11680011,Head,Off T,106.2622868189839,0.0498046879167755
100.3,54.6,0.04689946,Left Foot,Off T,89.18727263460858,0.06021293086142665
105.4,34.5,0.20239483,Left Foot,Goal,107.85173897531742,0.053815056732816814
96.3,40.9,0.084337875,Left Foot,Saved,97.28771556573831,0.061184897955526035
108.9,47.9,0.44745404,Left Foot,Saved,99.9629311294942,0.052838022646532
103.3,32.5,0.086829886,Left Foot,Off T,108.19565425653657,0.0547221257003111
111.7,32.2,0.18216425,Right Foot,Off T,113.57201063642397,0.04983729650014129
102.0,29.7,0.036708944,Right Foot,Blocked,109.72859973589382,0.05490424430695893
106.5,49.4,0.33609983,Left Foot,Goal,97.2211170476867,0.05469871011499567
95.2,41.6,0.0511018,Left Foot,Goal,96.07940257932499,0.06217804380674636
116.7,36.5,0.775584,Left Foot,Goal,113.61078998052959,0.04736792765581243
109.1,27.5,0.05737701,Left Foot,Saved,115.6640116890297,0.05061977849767924
88.9,24.5,0.006895869,Right Foot,Saved,107.44685942362392,0.06054803439017593
112.0,48.2,0.04200279,Head,Post,101.92308668795309,0.050615052604905154
111.3,34.3,0.05892598,Head,Saved,111.69950581806529,0.05029092095635913
95.4,37.0,0.07077411,Left Foot,Off T,99.97973594684075,0.06078721186661003
93.3,39.0,0.045960426,Right Foot,Off T,97.15065414087545,0.06282746322754322
103.3,48.1,0.0886227,Right Foot,Off T,96.01905852485746,0.05710631080618593
106.4,32.1,0.08671496,Left Foot,Off T,110.36592590106787,0.0528327816625824
112.4,39.4,0.094372034,Head,Saved,108.5701045407989,0.05006755081667043
104.4,31.7,0.11850036,Left Foot,Blocked,109.4904452452359,0.05392419504241373
94.5,35.5,0.04034434,Right Foot,Saved to Post,100.73567193402742,0.060958811720565054
98.6,26.0,0.031218188,Left Foot,Blocked,110.95009508783667,0.05589896502974582
97.1,45.5,0.02935574,Left Foot,Blocked,94.07233174531181,0.06163834160160218
94.5,31.2,0.026764685,Left Foot,Off T,104.36889191708418,0.059676088400101836
95.6,43.7,0.069491625,Left Foot,Blocked,94.60958513808207,0.062409603074563814
89.7,29.5,0.022888316,Left Foot,Saved,103.4130146548296,0.061943771750183035
105.6,27.6,0.07399258,Left Foot,Off T,113.51582973312577,0.05249557787643002
93.8,48.7,0.028926669,Left Foot,Saved,89.52558070183069,0.06513553773299477
105.7,52.5,0.089324,Right Foot,Saved,94.43268290163105,0.05543421608445174
109.7,33.7,0.23962171,Head,Off T,111.14536247635347,0.05114832695639258
94.1,53.1,0.047556136,Left Foot,Saved,86.25151360990716,0.0658503523432207
100.3,43.4,0.08495896,Right Foot,Off T,97.69733670883767,0.05876031420472729
99.8,49.5,0.06012288,Left Foot,Saved,92.66644268558063,0.060118700812959516
101.5,23.0,0.027335716,Right Foot,Blocked,115.03558405988993,0.05365882682187917
94.1,39.9,0.032605354,Left Foot,Off T,96.84897314891883,0.06251840784951349
105.2,42.3,0.044615436,Right Foot,Blocked,101.65029070297832,0.05506036296277051
97.7,36.9,0.035978932,Left Foot,Blocked,101.36198301138351,0.05921347228215884
94.8,22.7,0.012275952,Right Foot,Saved,111.8378719396967,0.056943185230212044
94.7,54.0,0.020810818,Right Foot,Off T,85.93835930479474,0.06544082631129934
118.5,34.7,0.1587177,Head,Off T,116.1543610890267,0.046292444302267456
114.1,44.0,0.16704533,Head,Wayward,106.38286328163949,0.049175119496050815
113.2,30.2,0.1926022,Left Foot,Goal,116.0696842418381,0.04880191887364157
94.0,36.9,0.028431296,Right Foot,Saved,99.28970540796261,0.061708139238296454
101.4,51.6,0.05545957,Left Foot,Saved,92.14329926804228,0.05899580885199649
94.0,76.7,0.01042328,Left Foot,Saved,69.48183647544155,0.06574108282229026
106.9,27.6,0.18561214,Left Foot,Goal,114.27588372005705,0.05180013856476609
103.2,51.6,0.07768283,Left Foot,Off T,93.35893958266665,0.05747048460818563
104.0,57.8,0.028403657,Left Foot,Saved,89.49008660181306,0.05688658246011417
109.0,41.9,0.08826354,Right Foot,Blocked,104.43967445372472,0.05242840146690303
113.2,51.6,0.15008782,Right Foot,Post,100.43252262091201,0.04966361632259411
103.3,36.6,0.09164401,Left Foot,Off T,104.90762412713387,0.055481224701945095
107.5,35.9,0.033580188,Head,Off T,108.05126375938414,0.05274035378578614
91.2,46.6,0.027327666,Right Foot,Blocked,89.68796797787316,0.06680605911134721
111.1,35.4,0.47366056,Left Foot,Saved,110.7286485061567,0.05052036781735711
117.9,35.6,0.7965053,Right Foot,Goal,115.0863050062865,0.04665845930228384
115.2,48.3,0.36933398,Left Foot,Saved,104.14980364839869,0.0484072703001514
107.9,24.7,0.056701466,Left Foot,Saved,117.21257441076875,0.05078152024349669
98.1,44.8,0.04862372,Right Foot,Wayward,95.23798401898269,0.060703887586699944
114.5,34.0,0.1947482,Other,Off T,114.004498156871,0.048447730776686244
95.2,41.2,0.070312485,Left Foot,Goal,96.40607657196719,0.06207212569914603
97.5,26.2,0.02427977,Right Foot,Saved,110.19939019794981,0.05654207090802647
102.5,56.0,0.037534337,Right Foot,Off T,89.6931747682063,0.05826452346149338
104.4,52.0,0.088365294,Right Foot,Off T,93.88965651231237,0.056491438116871864
99.1,38.1,0.032157544,Left Foot,Blocked,101.19646041240772,0.058551243594507994
97.8,26.9,0.030956576,Left Foot,Blocked,109.76278786546922,0.056567902693058385
74.2,47.3,0.005635465,Right Foot,Off T,80.48789722685021,0.0821306470737429
110.3,39.0,0.09609764,Head,Saved,107.47562328267746,0.051345008385941124
113.8,36.4,0.17660448,Head,Off T,111.73942724034342,0.049025558162836456
106.6,53.9,0.040407646,Right Foot,Off T,94.07536128019917,0.05469972772280087
111.9,40.8,0.4385271,Left Foot,Goal,107.19728354767204,0.05046686847733896
108.8,45.0,0.058877036,Right Foot,Blocked,102.00656645530228,0.05278032000133213
100.1,22.0,0.019761236,Right Foot,Saved,115.13901858188648,0.05411366829834767
105.5,50.0,0.0468683,Right Foot,Blocked,96.09841622003975,0.055508657370064586
109.1,31.1,0.11953281,Left Foot,Saved,112.80568957282253,0.05114807687888993
108.4,44.7,0.43734065,Right Foot,Blocked,101.95723417198018,0.05304230912545001
88.5,40.1,0.02482484,Left Foot,Blocked,93.64483755125,0.06669748209780166
108.9,28.7,0.095153406,Left Foot,Blocked,114.58563435265347,0.050908397431655296
98.9,19.6,0.008915967,Left Foot,Saved,116.57417209656693,0.05408100357009671
109.5,29.3,0.047594182,Left Foot,Off T,114.47320909278294,0.050673732363644745
111.4,40.1,0.30100262,Left Foot,Off T,107.38080647862542,0.05073836621325684
96.8,27.0,0.02650422,Right Foot,Saved,109.15117773070523,0.05714164316420161
104.6,38.1,0.5476993,Right Foot,Saved,104.52183312590725,0.05488799466271487
101.3,36.9,0.059423734,Right Foot,Off T,103.4654512385656,0.05683256484461234
114.4,36.4,0.5379483,Right Foot,Saved,112.13843052227904,0.04867748113111517
115.4,39.1,0.538664,Right Foot,Saved,110.82128676387043,0.04823366020006299
116.6,39.0,0.38343006,Other,Goal,111.71733795611135,0.04752194820763413
99.5,32.4,0.04598454,Left Foot,Goal,106.08763170134397,0.05698132208979069
89.6,13.7,0.011511844,Right Foot,Off T,117.44655635649774,0.05640593672000502
60.2,71.1,0.0034244903,Right Foot,Off T,53.038680224907566,0.12716212362716978
99.4,24.2,0.026971282,Right Foot,Blocked,112.90043224009375,0.055017839845960655
91.3,27.4,0.018299572,Left Foot,Saved,106.0257025442416,0.06029632248749157
91.3,25.1,0.012166175,Right Foot,Saved,108.0402684187706,0.059510222503948405
114.9,41.5,0.26045203,Head,Off T,108.73503391271831,0.04861739997559289
92.4,38.0,0.055670984,Left Foot,Off T,97.49619274617856,0.06315157892750947
114.5,38.2,0.7831072,Right Foot,Goal,110.87049021268012,0.04872615042207096
110.8,42.2,0.07707748,Head,Blocked,105.42172261920216,0.05125941531862274
107.5,43.6,0.15118743,Right Foot,Post,102.17252859746597,0.053589264828316725
105.5,40.3,0.20719418,Left Foot,Saved,103.37792607708863,0.05460426400085517
100.8,33.9,0.060398698,Left Foot,Goal,105.59976136336672,0.05652590054089715
114.8,48.9,0.2874946,Right Foot,Saved,103.44674765307994,0.048657307599034104
96.7,53.1,0.02197559,Left Foot,Saved,87.91570735653556,0.06338339097657823
110.7,24.8,0.04443936,Right Foot,Off T,118.78434913741793,0.04939564830915054
114.5,51.8,0.13278921,Left Foot,Off T,101.2534720392343,0.04871914375982257
99.8,30.6,0.0763903,Left Foot,Saved,107.74590293834844,0.056375196285540136
96.0,48.7,0.02913763,Left Foot,Off T,90.87290905434908,0.06322046535711844
102.5,51.0,0.054893922,Right Foot,Blocked,93.32666071386033,0.058013568951803644
103.4,53.9,0.054084532,Right Foot,Off T,91.82590919778579,0.057410993526130945
92.0,47.2,0.024887033,Left Foot,Off T,89.66223062137145,0.0662995620783843
106.9,29.7,0.0489033,Left Foot,Blocked,112.58466858324894,0.052156147452007216
105.1,43.5,0.15622492,Right Foot,Saved,100.67096701631509,0.05527082046416846
101.9,52.8,0.018558212,Left Foot,Blocked,91.59507410335996,0.05865858799226491
93.3,38.8,0.024946539,Left Foot,Saved,97.31746811338651,0.06276671253314164
108.1,40.2,0.7835,Left Foot,Goal,105.1288428548512,0.05286789727867021
111.8,40.2,0.2813001,Other,Off T,107.57425156606948,0.0504929834641933
104.0,55.4,0.0357645,Left Foot,Saved,91.17453372515814,0.05691511567664809
112.3,48.3,0.18295826,Right Foot,Blocked,102.06595710617718,0.050403331800781125
94.5,55.1,0.021027809,Right Foot,Off T,84.96726193069894,0.06583110058677212
104.8,24.5,0.018883605,Right Foot,Blocked,115.60047404747093,0.052315974877803116
109.4,44.5,0.117091976,Left Foot,Blocked,102.78092040841044,0.05233441231622504
111.0,43.1,0.064979635,Head,Off T,104.89521247416396,0.05117711155035236
109.0,51.7,0.20353648,Right Foot,Off T,97.32895560931495,0.052802970248387315
115.4,33.7,0.14559855,Right Foot,Off T,114.82263539912329,0.047926493513296003
94.8,40.5,0.035109293,Right Foot,Off T,96.7505534867889,0.06217747426745444
95.6,29.7,0.0346329,Left Foot,Off T,106.22322533231609,0.05858393401658571
101.6,41.6,0.06228746,Right Foot,Off T,99.9155823683173,0.057499604226007195
107.1,39.5,0.7835,Right Foot,Goal,105.0162063683506,0.05344515961093567
108.9,42.8,0.04745491,Head,Off T,103.70157954438304,0.05256524645646567
112.0,54.4,0.06967228,Left Foot,Saved,97.65467525930339,0.05038156516010472
109.3,44.3,0.298439,Left Foot,Off T,102.86019443885958,0.05239198812368667
110.9,45.2,0.50473726,Left Foot,Saved,103.29655173334685,0.05133397525915268
92.9,23.2,0.007819599,Right Foot,Off T,110.47505419776901,0.05805593470652489
98.5,36.0,0.07418988,Left Foot,Saved,102.55801090114804,0.05846681060296044
110.8,42.0,0.3347203,Left Foot,Goal,105.5694065532245,0.051247351324852794
106.2,33.5,0.095620655,Right Foot,Off T,109.13212909129923,0.053174216751296445
99.0,41.6,0.07844107,Left Foot,Blocked,98.32494902109028,0.059373291347635165
99.9,32.4,0.04752228,Right Foot,Blocked,106.31376956913907,0.05673940604203795
114.1,37.4,0.57921857,Left Foot,Goal,111.19385594537137,0.04891631761182115
113.2,38.6,0.42237553,Left Foot,Goal,109.700007292616,0.049527975036222624
111.7,44.7,0.09103747,Head,Off T,104.2106117437183,0.050774397638475174
114.4,49.4,0.57339495,Right Foot,Off T,102.81258483279174,0.04891335086660199
113.0,35.9,0.10336546,Head,Wayward,111.58658342291872,0.04945342305527751
110.3,44.9,0.09100202,Right Foot,Blocked,103.10198640181478,0.05173410063344288
112.2,48.9,0.07989315,Head,Off T,101.57392185004969,0.050467473754826665
107.7,34.4,0.1654399,Left Foot,Blocked,109.34716091421852,0.05241537355124969
105.1,45.7,0.13912481,Left Foot,Off T,99.00951267428802,0.05550009119819042
88.9,46.7,0.030633146,Left Foot,Blocked,88.30327060760547,0.06882113135452146
111.5,36.3,0.08775519,Left Foot,Blocked,110.30265454647953,0.05037041598853915
101.1,35.1,0.072396524,Right Foot,Blocked,104.79925381413744,0.05659374311611389
116.9,45.1,0.68142056,Right Foot,Saved,107.5919495129631,0.047381743796600574
118.7,44.0,0.7965756,Left Foot,Post,109.65090788497832,0.046288597841984094
114.0,27.1,0.04878769,Left Foot,Saved,118.98254325740395,0.04804377473391808
115.3,30.5,0.68502444,Left Foot,Goal,117.1821641718568,0.0477205162464788
110.3,53.3,0.13418779,Left Foot,Goal,97.15399940300965,0.0517540519724271
105.8,35.6,0.47253746,Left Foot,Goal,107.22807281677686,0.05374330836748979
109.8,25.8,0.063007504,Left Foot,Saved,117.4447086930697,0.04999826877855293
108.5,42.4,0.08553563,Head,Saved,103.73382090716605,0.05280428073559772
107.3,42.6,0.1366131,Right Foot,Off T,102.79070775123597,0.05363873304776349
105.2,46.9,0.06681567,Right Foot,Off T,98.17892645573183,0.05553274229761038
105.4,36.2,0.13285223,Right Foot,Saved,106.50909632514963,0.054084286316113395
95.9,37.9,0.020191351,Left Foot,Blocked,99.51556461177317,0.06069129104103054
107.3,46.0,0.15358418,Right Foot,Off T,100.25552154370352,0.05391186543231119
103.0,25.8,0.045149013,Right Foot,Saved,113.51473736920683,0.053517315190306794
114.0,30.4,0.19521163,Right Foot,Blocked,116.42420538702423,0.04839747247824602
107.1,48.7,0.105785675,Right Foot,Off T,98.14195636933269,0.05420881673069652
100.3,42.4,0.217808,Right Foot,Off T,98.48334681559112,0.058580122321538704
111.1,43.3,0.06298122,Left Foot,Saved Off Target,104.8168097205787,0.051120593217863185
105.6,53.8,0.01554143,Right Foot,Off T,93.43727093617407,0.05553271469676324
104.7,46.1,0.073126495,Left Foot,Off T,98.44496736756025,0.05583641614753121
102.5,26.6,0.024471292,Right Foot,Off T,112.5718685995751,0.05395551156157669
110.3,42.2,0.0655744,Head,Saved,105.08496371983958,0.051588294390777674
100.9,19.6,0.008963995,Left Foot,Blocked,117.6031360126081,0.053139661235491326
113.6,54.8,0.016886527,Right Foot,Saved,98.58074659891759,0.04913871434122808
102.9,30.8,0.06615006,Left Foot,Off T,109.34321012298844,0.05461940885269457
104.7,23.9,0.04687369,Left Foot,Off T,116.04056015031985,0.05224583799425219
95.6,27.4,0.02755421,Right Foot,Saved,108.18522819682916,0.05791586366180787
104.4,52.2,0.052126,Left Foot,Goal,93.74490706166388,0.05649961072741229
105.4,34.0,0.23999268,Left Foot,Off T,108.24854548676394,0.05373334949385122
108.0,40.0,0.7835,Left Foot,Saved,105.2157573750244,0.052912681721580576
102.6,32.4,0.09418091,Right Foot,Off T,107.866600947652,0.05511900643024261
110.0,37.7,0.12906268,Right Foot,Goal,108.26359314192375,0.051411445403540826
104.5,31.0,0.030692302,Right Foot,Blocked,110.11460211979156,0.053736950867474056
109.7,40.4,0.95298624,Left Foot,Goal,106.0271738753797,0.05184635439816645
101.0,28.8,0.03995733,Right Foot,Blocked,109.90921526423524,0.055268421527973566
118.0,50.6,0.015270742,Right Foot,Saved,104.65904452076754,0.04640199232298
109.7,52.5,0.12409546,Left Foot,Blocked,97.2720494283944,0.052246669014362035
108.1,40.2,0.7835,Left Foot,Goal,105.1288428548512,0.05286789727867021
109.2,47.4,0.14343098,Left Foot,Off T,100.53144582666658,0.052604030535088914
105.1,32.0,0.07299935,Left Foot,Off T,109.6649150822632,0.05357061534113644
110.9,40.0,0.45755082,Right Foot,Goal,107.12206868801593,0.05104732537948585
95.6,38.7,0.03978839,Left Foot,Saved,98.6862381489942,0.06111461069390508
113.0,50.1,0.3188917,Left Foot,Goal,101.3151795142268,0.049870774429676
107.5,41.8,0.035399932,Head,Off T,103.52538625863707,0.053426140216993316
111.5,49.2,0.0986297,Right Foot,Saved,100.86439213121744,0.05096412638723965
115.2,32.9,0.36530197,Left Foot,Goal,115.29397902752771,0.047975608663448396
99.2,30.4,0.032843675,Right Foot,Off T,107.57867632574775,0.05667666859614494
114.6,48.7,0.052004397,Head,Saved,103.43932327698204,0.04880096310752978
